licence_plate, vehicle_type, manufacturer, model, year, price
60006536,Motorbike,Royal Enfield,Bullet,2010,160553
48010090,Motorbike,Royal Enfield,Bullet,2016,148848
25972119,Car,Tesla,Model S,2015,16950
93335634,Motorbike,Royal Enfield,Himalayan,2015,115233
13042392,Motorbike,Royal Enfield,Himalayan,2019,91814
98131903,Motorbike,Yamaha,SZ-X,2010,152041
23080022,Motorbike,Royal Enfield,Himalayan,2016,116298
53374408,Car,Kia,Forte,2018,243042
27930630,Car,Tesla,Model Y,2018,140357
19627612,Car,Kia,Forte,2015,150126
40802368,Motorbike,Yamaha,FZ,2014,159171
81269080,Car,Skoda,Superb,2015,188934
68028266,Car,Tesla,Model 3,2021,97199
97266945,Car,Toyota,Prius,2017,149392
74171255,Car,Kia,Picanto,2010,65345
32249596,Car,Toyota,Corolla,2018,66642
49163125,Motorbike,Yamaha,SZ-X,2015,141225
79390059,Motorbike,Royal Enfield,Himalayan,2012,61373
84345343,Car,Kia,Rio,2010,45769
90714891,Motorbike,Yamaha,FZ,2012,93813
51716230,Motorbike,Yamaha,VMAX,2017,30662
36030860,Car,Skoda,Superb,2013,209480
43167154,Car,Toyota,Prius,2010,116285
91868306,Motorbike,Yamaha,FZ,2015,11420
79589877,Motorbike,Yamaha,FZ,2015,145600
60691333,Car,Toyota,Corolla,2014,18815
81033527,Motorbike,Yamaha,SZ-X,2019,121944
31546842,Motorbike,Yamaha,SZ-X,2015,191426
36301495,Car,Skoda,Superb,2011,243510
23349493,Motorbike,Yamaha,VMAX,2013,195669
74570471,Motorbike,Yamaha,VMAX,2017,170920
73416364,Motorbike,Royal Enfield,Himalayan,2021,87824
31724791,Motorbike,Royal Enfield,Classic,2015,229160
43621225,Motorbike,Royal Enfield,Bullet,2011,206216
42810243,Car,Tesla,Model Y,2015,125200
89487469,Motorbike,Royal Enfield,Bullet,2012,89677
73817111,Motorbike,Yamaha,VMAX,2022,206258
10285505,Car,Toyota,Corolla,2010,117620
82127194,Car,Skoda,Octavia,2013,48272
21776855,Car,Toyota,Corolla,2018,74929
13312727,Car,Tesla,Model 3,2020,175673
90928713,Motorbike,Royal Enfield,Bullet,2015,179107
29546811,Motorbike,Yamaha,FZ,2022,12863
38719241,Motorbike,Royal Enfield,Himalayan,2020,173150
62672089,Car,Kia,Forte,2020,161285
42371743,Motorbike,Royal Enfield,Himalayan,2010,179745
84137331,Car,Tesla,Model 3,2020,91051
33662325,Motorbike,Royal Enfield,Himalayan,2015,116041
11252429,Motorbike,Royal Enfield,Classic,2014,191366
42490908,Motorbike,Royal Enfield,Himalayan,2018,136491
62241488,Car,Kia,Picanto,2017,27949
63689783,Motorbike,Yamaha,SZ-X,2011,153835
93306483,Car,Toyota,Prius,2013,19103
53501722,Car,Kia,Rio,2011,208744
80772022,Car,Toyota,Yaris,2015,214000
70304069,Car,Toyota,Yaris,2020,54222
27407763,Motorbike,Royal Enfield,Bullet,2012,97847
28201030,Motorbike,Yamaha,VMAX,2012,214907
71911989,Motorbike,Royal Enfield,Himalayan,2016,121338
51091743,Car,Toyota,Yaris,2011,153484
58801138,Car,Toyota,Corolla,2012,246040
46132049,Car,Tesla,Model 3,2015,83457
89621298,Car,Toyota,Prius,2013,193359
22017483,Car,Toyota,Prius,2015,150551
85116700,Motorbike,Royal Enfield,Classic,2015,187183
29554140,Car,Skoda,Octavia,2017,142963
94861781,Motorbike,Yamaha,SZ-X,2015,118391
87511273,Car,Tesla,Model S,2017,108320
22827163,Motorbike,Royal Enfield,Bullet,2012,86495
39323196,Car,Skoda,Superb,2018,111986
84870939,Car,Skoda,Octavia,2019,91504
25222135,Car,Toyota,Corolla,2018,159192
66492419,Car,Kia,Picanto,2019,80885
89141429,Car,Tesla,Model Y,2016,243228
70424162,Motorbike,Royal Enfield,Himalayan,2019,178700
90734688,Car,Toyota,Corolla,2014,12786
43148187,Car,Tesla,Model S,2016,103756
15538463,Motorbike,Yamaha,SZ-X,2016,64071
82766760,Car,Toyota,Corolla,2013,249195
86114134,Car,Kia,Rio,2014,43998
75201974,Car,Kia,Picanto,2014,159189
88763784,Motorbike,Yamaha,FZ,2010,155345
23977155,Motorbike,Royal Enfield,Bullet,2019,188677
75915353,Car,Skoda,Octavia,2016,183136
19055172,Car,Toyota,Yaris,2016,72862
56902515,Car,Toyota,Yaris,2021,13735
52562456,Motorbike,Yamaha,SZ-X,2014,19321
43566922,Car,Skoda,Superb,2015,69749
62185966,Motorbike,Royal Enfield,Classic,2018,119594
89080601,Car,Tesla,Model S,2022,167560
40247432,Car,Skoda,Superb,2017,220921
80504122,Motorbike,Royal Enfield,Classic,2018,118134
80646185,Motorbike,Royal Enfield,Classic,2021,136323
84873851,Car,Tesla,Model Y,2012,154683
24407940,Motorbike,Yamaha,FZ,2014,101846
26461565,Motorbike,Royal Enfield,Classic,2022,16030
26137876,Motorbike,Royal Enfield,Classic,2010,1800
76462397,Motorbike,Royal Enfield,Bullet,2011,1310
83874309,Car,Tesla,Model 3,2015,156275
45698439,Motorbike,Royal Enfield,Classic,2016,118992
22821434,Motorbike,Royal Enfield,Classic,2019,219846
84740258,Car,Kia,Forte,2022,29335
34977380,Motorbike,Royal Enfield,Himalayan,2021,28625
84378234,Car,Kia,Forte,2015,234567
30297056,Motorbike,Yamaha,FZ,2011,47516
52980846,Motorbike,Yamaha,VMAX,2021,194759
84874356,Motorbike,Royal Enfield,Himalayan,2013,43997
13886657,Car,Skoda,Octavia,2013,245030
40293787,Car,Toyota,Corolla,2021,144570
35555472,Motorbike,Royal Enfield,Bullet,2016,94831
96352988,Car,Kia,Forte,2020,55642
45653149,Car,Kia,Picanto,2021,58189
20276298,Motorbike,Yamaha,VMAX,2014,204274
99310421,Motorbike,Yamaha,SZ-X,2018,200322
90645225,Motorbike,Yamaha,SZ-X,2018,79152
36535360,Car,Kia,Forte,2011,147081
68577425,Car,Kia,Sportage,2017,46542
45251487,Car,Toyota,Yaris,2012,83054
18322532,Motorbike,Yamaha,VMAX,2011,62345
32368196,Motorbike,Yamaha,FZ,2022,199489
98284634,Motorbike,Royal Enfield,Bullet,2016,224368
75563968,Car,Tesla,Model S,2021,188991
46341406,Car,Tesla,Model 3,2014,108294
16218579,Car,Kia,Rio,2015,112151
20945226,Car,Tesla,Model Y,2020,72792
37438067,Car,Kia,Picanto,2019,225091
44966768,Car,Skoda,Octavia,2012,143293
24325099,Car,Tesla,Model 3,2018,94440
95531528,Motorbike,Yamaha,FZ,2020,32319
19534950,Motorbike,Yamaha,VMAX,2022,193475
52008271,Motorbike,Yamaha,SZ-X,2012,33897
53141611,Motorbike,Royal Enfield,Classic,2022,199087
96834615,Motorbike,Royal Enfield,Classic,2015,182966
48791636,Car,Kia,Sportage,2021,93888
90311292,Motorbike,Yamaha,FZ,2017,82524
84395195,Motorbike,Royal Enfield,Classic,2018,160736
76675602,Motorbike,Royal Enfield,Classic,2019,151838
84650445,Motorbike,Royal Enfield,Classic,2016,105605
95537009,Car,Skoda,Superb,2015,141296
31839312,Motorbike,Yamaha,VMAX,2010,51326
39497296,Car,Kia,Rio,2010,42826
21284116,Car,Tesla,Model 3,2010,235607
70313313,Motorbike,Royal Enfield,Classic,2021,21986
65698959,Motorbike,Royal Enfield,Bullet,2014,103067
27384073,Motorbike,Royal Enfield,Himalayan,2013,60936
57794796,Motorbike,Royal Enfield,Himalayan,2013,86611
86582133,Car,Skoda,Octavia,2011,218136
66118026,Motorbike,Yamaha,FZ,2017,178226
52774817,Car,Toyota,Yaris,2011,226838
61020371,Motorbike,Yamaha,VMAX,2021,113905
51813290,Car,Tesla,Model S,2019,115458
72513263,Car,Skoda,Octavia,2014,134877
14009024,Car,Kia,Sportage,2016,186269
67870083,Motorbike,Royal Enfield,Bullet,2012,201994
62863489,Car,Toyota,Corolla,2022,13329
24266388,Car,Tesla,Model Y,2018,209006
89042617,Car,Tesla,Model S,2017,54239
58831404,Car,Toyota,Prius,2014,79149
66673523,Car,Tesla,Model S,2011,232306
11842371,Car,Toyota,Corolla,2017,140046
98780757,Motorbike,Yamaha,SZ-X,2020,76677
52690148,Car,Toyota,Corolla,2014,185236
18269157,Car,Kia,Picanto,2022,244693
64725984,Motorbike,Royal Enfield,Bullet,2021,196486
26106817,Motorbike,Royal Enfield,Bullet,2012,221124
75512926,Motorbike,Yamaha,FZ,2010,221544
15414089,Car,Tesla,Model S,2011,60807
17462268,Motorbike,Royal Enfield,Bullet,2016,142945
81400642,Motorbike,Royal Enfield,Himalayan,2017,130880
17272554,Motorbike,Yamaha,FZ,2014,200299
48551538,Car,Skoda,Superb,2015,28669
72136954,Motorbike,Yamaha,FZ,2022,185743
71360307,Motorbike,Yamaha,VMAX,2012,200883
39797818,Motorbike,Royal Enfield,Classic,2013,17110
53703293,Car,Toyota,Prius,2021,206155
60902044,Motorbike,Yamaha,VMAX,2017,238532
46270756,Motorbike,Yamaha,SZ-X,2020,97048
32391798,Car,Kia,Picanto,2012,84478
89139170,Motorbike,Royal Enfield,Himalayan,2013,59908
90098080,Motorbike,Royal Enfield,Classic,2012,227732
31720752,Motorbike,Royal Enfield,Classic,2016,94539
62867281,Motorbike,Yamaha,SZ-X,2014,56227
24840985,Car,Skoda,Superb,2010,211469
66746481,Motorbike,Royal Enfield,Bullet,2018,197901
90388420,Motorbike,Yamaha,VMAX,2018,205028
83803720,Car,Tesla,Model 3,2018,214834
86351336,Motorbike,Royal Enfield,Classic,2018,221071
69873842,Car,Kia,Rio,2017,64642
42558527,Motorbike,Yamaha,SZ-X,2021,136054
21394467,Car,Tesla,Model S,2013,14370
91468295,Motorbike,Yamaha,VMAX,2020,136966
59063187,Motorbike,Yamaha,VMAX,2016,226620
66263091,Motorbike,Yamaha,VMAX,2012,234933
72000149,Motorbike,Yamaha,FZ,2021,168324
47874401,Car,Toyota,Yaris,2017,173291
90717736,Car,Skoda,Octavia,2019,181285
17031191,Car,Tesla,Model S,2010,190130
54386012,Motorbike,Royal Enfield,Himalayan,2021,143503
40879668,Motorbike,Yamaha,FZ,2015,108368
30469106,Motorbike,Yamaha,SZ-X,2013,62297
17517570,Car,Toyota,Yaris,2011,13934
99156139,Motorbike,Yamaha,SZ-X,2011,118088
64654714,Car,Tesla,Model 3,2011,203667
78504245,Car,Toyota,Prius,2010,189745
17211260,Motorbike,Yamaha,FZ,2012,130502
59072899,Motorbike,Royal Enfield,Bullet,2011,159153
87948850,Car,Kia,Picanto,2019,138939
18579864,Motorbike,Royal Enfield,Himalayan,2010,20083
78871076,Car,Skoda,Superb,2015,231604
35102736,Car,Tesla,Model S,2019,107946
65063212,Motorbike,Yamaha,SZ-X,2016,32720
23282600,Car,Toyota,Yaris,2014,164054
25996565,Car,Toyota,Yaris,2018,171089
18452995,Car,Tesla,Model S,2013,125814
10473990,Car,Tesla,Model Y,2014,154924
51321332,Car,Skoda,Octavia,2011,28857
99967405,Car,Tesla,Model S,2019,225957
91699905,Car,Skoda,Superb,2010,112048
34738432,Motorbike,Yamaha,VMAX,2021,110265
33661508,Motorbike,Royal Enfield,Classic,2022,138795
89693401,Car,Kia,Sportage,2018,22042
14340219,Car,Kia,Rio,2022,64245
62452153,Car,Tesla,Model S,2012,56942
84072176,Car,Tesla,Model Y,2014,49224
11287121,Car,Skoda,Octavia,2016,209663
72731518,Motorbike,Royal Enfield,Bullet,2013,182354
83354553,Motorbike,Royal Enfield,Himalayan,2016,224151
87632841,Car,Kia,Rio,2021,67615
53211476,Motorbike,Yamaha,FZ,2011,213348
26537422,Motorbike,Royal Enfield,Himalayan,2016,105645
43733339,Motorbike,Yamaha,FZ,2020,99744
54612649,Car,Tesla,Model 3,2011,92794
22699631,Car,Skoda,Octavia,2019,19921
38184732,Motorbike,Yamaha,VMAX,2010,108396
60501709,Motorbike,Yamaha,FZ,2020,204454
83057927,Motorbike,Yamaha,SZ-X,2011,68876
32205409,Motorbike,Yamaha,SZ-X,2016,123376
17262866,Car,Toyota,Corolla,2010,23185
93329619,Car,Toyota,Yaris,2022,240394
35721615,Motorbike,Royal Enfield,Bullet,2013,44870
90377162,Motorbike,Yamaha,SZ-X,2018,116032
26193520,Motorbike,Royal Enfield,Himalayan,2017,79642
87537023,Car,Toyota,Prius,2013,218171
61797640,Motorbike,Yamaha,VMAX,2018,223827
54929926,Car,Toyota,Prius,2015,226087
25953217,Motorbike,Yamaha,FZ,2013,224700
29665989,Car,Tesla,Model Y,2012,193609
25092086,Car,Toyota,Prius,2018,205911
97434667,Car,Skoda,Octavia,2020,132727
31979767,Car,Kia,Sportage,2019,108164
73362675,Car,Kia,Sportage,2021,28464
27284650,Car,Kia,Sportage,2011,144408
35735671,Motorbike,Yamaha,VMAX,2018,76328
68632584,Motorbike,Royal Enfield,Himalayan,2013,65711
50147146,Motorbike,Royal Enfield,Bullet,2021,239741
98917075,Car,Kia,Rio,2016,221886
35171065,Motorbike,Royal Enfield,Bullet,2019,220571
60969799,Car,Skoda,Octavia,2018,69986
57344700,Car,Kia,Sportage,2012,19289
72711035,Car,Toyota,Corolla,2018,135616
31665144,Car,Tesla,Model S,2014,249377
41936227,Motorbike,Yamaha,FZ,2019,63274
80128541,Car,Kia,Sportage,2016,120313
54556592,Car,Toyota,Yaris,2020,234837
79375495,Motorbike,Royal Enfield,Classic,2011,179676
46224872,Motorbike,Yamaha,FZ,2015,164277
28927958,Car,Tesla,Model S,2013,14125
54081006,Motorbike,Yamaha,VMAX,2016,120590
25928857,Car,Tesla,Model S,2019,65801
80612333,Car,Tesla,Model Y,2021,213970
57835334,Car,Skoda,Superb,2021,95136
70470337,Motorbike,Royal Enfield,Himalayan,2015,11632
11798868,Motorbike,Royal Enfield,Himalayan,2022,41219
27209103,Motorbike,Yamaha,SZ-X,2013,21927
46204885,Car,Toyota,Prius,2021,37705
91014194,Car,Kia,Sportage,2013,106249
36597704,Motorbike,Royal Enfield,Classic,2020,192855
32264067,Car,Toyota,Prius,2012,140025
16786884,Motorbike,Yamaha,VMAX,2018,193096
31065000,Car,Kia,Rio,2017,231996
77871279,Car,Skoda,Octavia,2016,176592
55439989,Car,Tesla,Model S,2016,162065
13079279,Motorbike,Yamaha,FZ,2016,54747
92284208,Car,Kia,Forte,2015,123251
71002307,Motorbike,Royal Enfield,Himalayan,2021,94770
24472008,Motorbike,Royal Enfield,Bullet,2013,24652
11596300,Motorbike,Yamaha,FZ,2011,112036
61699052,Car,Tesla,Model S,2016,240136
76851571,Motorbike,Royal Enfield,Bullet,2010,168701
91221072,Car,Kia,Forte,2012,72930
66176790,Car,Tesla,Model Y,2022,17955
57994524,Car,Toyota,Corolla,2021,65990
13789433,Motorbike,Royal Enfield,Himalayan,2021,81816
88144711,Motorbike,Yamaha,VMAX,2011,34813
18709226,Motorbike,Yamaha,VMAX,2012,228673
28717677,Motorbike,Yamaha,VMAX,2017,49004
88321189,Motorbike,Yamaha,SZ-X,2014,23322
16579111,Car,Toyota,Yaris,2018,183523
33158286,Car,Kia,Forte,2020,32733
55279829,Car,Toyota,Corolla,2013,83389
50366491,Motorbike,Royal Enfield,Himalayan,2021,74005
19793904,Car,Toyota,Yaris,2015,29942
57691701,Car,Tesla,Model S,2014,219389
54524691,Car,Kia,Picanto,2010,117731
23052523,Motorbike,Yamaha,FZ,2021,248508
24809678,Car,Skoda,Superb,2018,176629
80276107,Motorbike,Royal Enfield,Himalayan,2017,209674
30584563,Motorbike,Royal Enfield,Classic,2012,59181
59303774,Car,Tesla,Model 3,2021,148014
54383868,Car,Tesla,Model Y,2020,109495
31323242,Motorbike,Yamaha,VMAX,2012,10270
74395646,Motorbike,Yamaha,VMAX,2018,25526
50807952,Car,Toyota,Yaris,2014,39154
32676552,Motorbike,Yamaha,SZ-X,2021,192916
60461501,Motorbike,Royal Enfield,Bullet,2017,46421
82512205,Motorbike,Yamaha,VMAX,2021,193405
52267409,Car,Tesla,Model Y,2014,225093
85536597,Car,Toyota,Corolla,2013,154711
95625468,Car,Kia,Rio,2013,25149
68880590,Car,Tesla,Model 3,2022,189720
78750055,Motorbike,Royal Enfield,Classic,2013,192817
69742442,Car,Kia,Sportage,2016,185026
36092633,Motorbike,Yamaha,FZ,2019,70952
60050277,Car,Tesla,Model Y,2019,151395
22765374,Motorbike,Yamaha,FZ,2012,245492
90970285,Motorbike,Yamaha,SZ-X,2018,65220
89818986,Motorbike,Royal Enfield,Classic,2019,243314
95660192,Car,Kia,Picanto,2012,60163
69222431,Car,Kia,Rio,2021,145689
57573576,Car,Tesla,Model Y,2010,190713
77141517,Car,Tesla,Model Y,2013,231514
58115852,Car,Skoda,Octavia,2012,188483
45649395,Motorbike,Royal Enfield,Classic,2020,211947
81167603,Motorbike,Royal Enfield,Himalayan,2012,20819
96334134,Motorbike,Royal Enfield,Himalayan,2010,34554
92703787,Car,Tesla,Model S,2021,40700
53964779,Car,Skoda,Superb,2022,215224
90049292,Motorbike,Yamaha,SZ-X,2015,237618
60563171,Car,Skoda,Superb,2010,153586
25546385,Motorbike,Yamaha,SZ-X,2019,147204
62894747,Car,Skoda,Octavia,2015,139391
48448032,Car,Toyota,Yaris,2013,52479
89157206,Car,Toyota,Prius,2011,93711
32075038,Car,Kia,Forte,2022,116267
80178548,Motorbike,Yamaha,VMAX,2020,234446
31074287,Motorbike,Royal Enfield,Himalayan,2017,222861
73275612,Car,Skoda,Octavia,2014,156546
83011574,Car,Kia,Picanto,2021,57433
54417548,Car,Tesla,Model S,2010,68704
21317610,Motorbike,Yamaha,SZ-X,2013,91549
81492198,Motorbike,Royal Enfield,Himalayan,2010,142301
18719865,Car,Tesla,Model 3,2013,201288
20285851,Car,Tesla,Model 3,2015,89808
37379391,Car,Kia,Sportage,2013,158916
19141254,Motorbike,Yamaha,SZ-X,2011,71799
16791891,Motorbike,Yamaha,FZ,2013,136439
18286782,Car,Tesla,Model Y,2019,22816
31838785,Car,Tesla,Model S,2019,85290
90118039,Car,Kia,Sportage,2016,18141
76108143,Motorbike,Royal Enfield,Bullet,2012,221304
63799682,Motorbike,Royal Enfield,Classic,2016,121578
40118846,Motorbike,Yamaha,VMAX,2015,92249
27649338,Car,Skoda,Superb,2012,61120
39369564,Car,Tesla,Model Y,2011,225965
71207555,Car,Tesla,Model Y,2022,88958
38057976,Car,Tesla,Model 3,2022,174963
26652910,Car,Skoda,Octavia,2020,12260
33130300,Motorbike,Yamaha,FZ,2021,99577
42753415,Motorbike,Yamaha,FZ,2010,137989
43527578,Car,Tesla,Model Y,2019,45383
66341252,Car,Tesla,Model Y,2011,197272
99424854,Car,Kia,Sportage,2019,205547
49510807,Car,Skoda,Superb,2019,118416
18023023,Motorbike,Yamaha,FZ,2021,192846
75738524,Car,Tesla,Model S,2010,151909
43597909,Motorbike,Royal Enfield,Himalayan,2021,165132
70948652,Motorbike,Royal Enfield,Himalayan,2015,232317
29358007,Car,Toyota,Prius,2021,11321
80184835,Car,Kia,Sportage,2014,228400
65806801,Motorbike,Royal Enfield,Bullet,2018,228461
92407713,Motorbike,Royal Enfield,Himalayan,2020,166666
18226182,Motorbike,Yamaha,FZ,2012,98258
34335050,Motorbike,Royal Enfield,Himalayan,2020,243978
57461893,Motorbike,Royal Enfield,Bullet,2018,158281
46512016,Motorbike,Yamaha,VMAX,2018,23115
30130057,Car,Toyota,Corolla,2021,230811
46939884,Car,Skoda,Octavia,2011,16101
31021297,Motorbike,Royal Enfield,Classic,2013,158599
78694992,Car,Toyota,Corolla,2014,169401
43909402,Car,Skoda,Octavia,2014,184949
30992885,Car,Toyota,Corolla,2021,191662
50042211,Motorbike,Yamaha,FZ,2019,190741
41266530,Motorbike,Yamaha,FZ,2014,154554
19520448,Car,Skoda,Octavia,2019,191037
28016060,Car,Skoda,Superb,2016,64460
87483135,Car,Kia,Rio,2011,107166
22842838,Car,Skoda,Superb,2020,207618
36529100,Car,Skoda,Octavia,2020,66414
56417841,Motorbike,Royal Enfield,Bullet,2012,186969
67912642,Car,Toyota,Prius,2021,139795
85820356,Motorbike,Royal Enfield,Bullet,2022,45441
55003727,Motorbike,Yamaha,FZ,2021,41764
76950041,Car,Kia,Rio,2021,227552
66127461,Car,Toyota,Prius,2019,231304
51620898,Motorbike,Yamaha,FZ,2013,178081
26916970,Car,Kia,Forte,2015,27613
37425252,Motorbike,Royal Enfield,Classic,2017,104880
49090644,Car,Skoda,Octavia,2022,202297
54823654,Car,Toyota,Corolla,2014,218540
74612108,Motorbike,Yamaha,VMAX,2018,223418
45208242,Motorbike,Royal Enfield,Himalayan,2017,151161
42854646,Motorbike,Yamaha,FZ,2012,146006
70537910,Motorbike,Yamaha,VMAX,2021,219537
61413208,Car,Skoda,Octavia,2010,235853
25935475,Car,Toyota,Yaris,2013,248009
97476172,Car,Kia,Picanto,2021,38855
48075982,Motorbike,Yamaha,SZ-X,2014,183679
62265998,Car,Kia,Picanto,2017,75989
18685810,Motorbike,Royal Enfield,Classic,2014,36678
62229641,Motorbike,Yamaha,FZ,2019,83173
18345567,Car,Tesla,Model 3,2019,145369
70405337,Motorbike,Royal Enfield,Bullet,2020,185619
80970258,Motorbike,Royal Enfield,Classic,2015,162282
93117608,Motorbike,Royal Enfield,Classic,2011,124921
45666335,Car,Skoda,Octavia,2018,24696
45945384,Motorbike,Yamaha,FZ,2012,243879
37072239,Car,Tesla,Model 3,2010,204652
39010501,Motorbike,Royal Enfield,Classic,2011,136334
95807485,Motorbike,Yamaha,FZ,2014,107733
28462087,Motorbike,Royal Enfield,Himalayan,2020,125420
32807502,Car,Skoda,Superb,2015,249557
58530511,Car,Tesla,Model 3,2020,248778
75129348,Car,Toyota,Prius,2016,139197
57916046,Car,Tesla,Model S,2020,45376
42984302,Car,Skoda,Octavia,2019,211985
70346635,Motorbike,Royal Enfield,Bullet,2014,194896
50488243,Car,Tesla,Model S,2013,102944
86727569,Car,Skoda,Octavia,2021,135318
85060024,Car,Toyota,Corolla,2015,37504
88666629,Motorbike,Yamaha,SZ-X,2022,157952
98597612,Motorbike,Royal Enfield,Bullet,2013,247484
88054734,Motorbike,Yamaha,FZ,2014,243519
15671413,Car,Tesla,Model 3,2016,217038
40121646,Car,Kia,Sportage,2015,178315
76002684,Car,Toyota,Prius,2018,43062
81799196,Car,Skoda,Octavia,2010,17581
61447130,Car,Tesla,Model S,2013,27647
90424332,Car,Tesla,Model Y,2020,246882
93776151,Motorbike,Royal Enfield,Bullet,2014,65938
38926977,Motorbike,Yamaha,VMAX,2015,116705
54090205,Car,Kia,Picanto,2011,29590
98408078,Car,Kia,Rio,2021,38524
27550544,Motorbike,Royal Enfield,Himalayan,2015,249773
67886636,Motorbike,Yamaha,SZ-X,2010,34231
67392043,Car,Tesla,Model S,2018,156195
27338364,Car,Tesla,Model 3,2010,167932
60544906,Motorbike,Royal Enfield,Himalayan,2016,58541
40797613,Motorbike,Yamaha,VMAX,2013,217727
13464180,Car,Kia,Forte,2021,226343
33254745,Car,Skoda,Octavia,2010,29749
68469640,Motorbike,Royal Enfield,Himalayan,2018,224107
64565567,Motorbike,Royal Enfield,Bullet,2012,55310
21796524,Car,Skoda,Superb,2011,222623
99161638,Car,Tesla,Model 3,2015,112753
41342597,Car,Toyota,Yaris,2018,96144
43022519,Motorbike,Royal Enfield,Himalayan,2022,235967
68280042,Motorbike,Yamaha,VMAX,2018,10298
94538458,Motorbike,Royal Enfield,Himalayan,2021,54564
63742150,Motorbike,Royal Enfield,Bullet,2012,147693
68399544,Car,Kia,Rio,2011,168256
61999027,Car,Tesla,Model Y,2019,197247
71469697,Motorbike,Yamaha,VMAX,2010,13852
63793629,Motorbike,Yamaha,SZ-X,2016,137662
35465996,Car,Tesla,Model Y,2011,66844
20272975,Motorbike,Royal Enfield,Himalayan,2014,242294
61640981,Car,Kia,Picanto,2015,45721
62710678,Motorbike,Royal Enfield,Classic,2017,187415
73622112,Car,Kia,Picanto,2013,71140
87475212,Motorbike,Yamaha,FZ,2014,115470
90474409,Motorbike,Royal Enfield,Classic,2017,236067
91347653,Car,Toyota,Yaris,2015,128158
23816073,Motorbike,Yamaha,FZ,2013,201196
11261139,Motorbike,Royal Enfield,Bullet,2017,153007
30275587,Car,Tesla,Model Y,2015,190945
17110931,Car,Tesla,Model 3,2018,198478
13144514,Motorbike,Yamaha,VMAX,2013,178071
89838134,Motorbike,Yamaha,VMAX,2014,79221
24004267,Car,Toyota,Yaris,2021,55952
90102900,Motorbike,Yamaha,SZ-X,2019,197466
34507170,Motorbike,Royal Enfield,Classic,2018,97243
25385057,Motorbike,Yamaha,FZ,2020,247417
77731570,Car,Tesla,Model Y,2011,162812
60421363,Motorbike,Yamaha,SZ-X,2020,200070
86499813,Motorbike,Royal Enfield,Classic,2013,99231
59816350,Motorbike,Yamaha,FZ,2019,195258
74003086,Car,Toyota,Yaris,2010,10150
80337967,Car,Kia,Sportage,2022,248644
44086624,Car,Skoda,Superb,2014,188222
91635140,Motorbike,Royal Enfield,Bullet,2015,44058
37933478,Car,Skoda,Octavia,2010,174344
98296115,Motorbike,Royal Enfield,Classic,2012,207237
23053584,Motorbike,Yamaha,SZ-X,2022,120333
37930586,Motorbike,Yamaha,SZ-X,2018,138801
77943334,Motorbike,Royal Enfield,Bullet,2011,37229
31367039,Car,Kia,Forte,2015,81687
21651526,Motorbike,Yamaha,VMAX,2020,204030
77127077,Car,Tesla,Model Y,2016,107090
99420351,Motorbike,Royal Enfield,Himalayan,2019,219810
27409880,Motorbike,Yamaha,VMAX,2015,211442
40220510,Motorbike,Yamaha,VMAX,2011,144647
96037884,Car,Kia,Sportage,2013,93245
49452541,Car,Skoda,Superb,2012,188717
56505346,Car,Tesla,Model Y,2011,44946
11886753,Motorbike,Royal Enfield,Bullet,2011,119485
48617751,Car,Tesla,Model 3,2015,83139
66449465,Motorbike,Royal Enfield,Bullet,2014,160395
15154053,Motorbike,Yamaha,VMAX,2017,15792
49592156,Car,Skoda,Octavia,2018,202270
15556821,Motorbike,Royal Enfield,Classic,2012,125266
34724168,Car,Toyota,Corolla,2013,205975
31786297,Car,Skoda,Superb,2015,237276
81494569,Car,Kia,Picanto,2011,81849
34308220,Motorbike,Royal Enfield,Classic,2019,188571
71934930,Car,Tesla,Model S,2012,153761
79168474,Car,Kia,Picanto,2015,196145
37106764,Car,Skoda,Superb,2016,39627
67603991,Motorbike,Royal Enfield,Bullet,2017,35639
81371883,Motorbike,Yamaha,FZ,2017,20793
39689982,Motorbike,Royal Enfield,Bullet,2015,90669
59254108,Motorbike,Yamaha,FZ,2022,179294
90843345,Motorbike,Royal Enfield,Bullet,2013,244922
82392595,Motorbike,Yamaha,FZ,2014,238506
52427876,Car,Skoda,Superb,2010,225760
47078153,Motorbike,Royal Enfield,Classic,2012,123709
57302978,Car,Tesla,Model S,2010,235474
94915916,Motorbike,Royal Enfield,Classic,2013,191761
59179991,Car,Tesla,Model S,2019,243573
65543064,Motorbike,Royal Enfield,Classic,2019,199631
73710344,Motorbike,Yamaha,VMAX,2016,100486
80811826,Car,Kia,Picanto,2022,147012
64669184,Motorbike,Royal Enfield,Bullet,2016,103793
34189359,Car,Kia,Forte,2015,235184
74271822,Car,Tesla,Model 3,2014,162463
55006299,Car,Kia,Forte,2018,96972
81252544,Car,Kia,Rio,2020,111682
54238751,Car,Tesla,Model 3,2016,59017
64257889,Car,Kia,Rio,2015,59313
94817346,Car,Toyota,Corolla,2022,67569
77897244,Motorbike,Royal Enfield,Classic,2013,102000
96739144,Car,Tesla,Model S,2013,38597
17734474,Car,Kia,Sportage,2021,44260
33332819,Car,Skoda,Superb,2015,105287
38681383,Car,Kia,Picanto,2012,156276
16987971,Car,Tesla,Model 3,2018,62825
92963583,Car,Kia,Sportage,2020,117729
69007900,Motorbike,Royal Enfield,Himalayan,2019,61562
94701925,Motorbike,Royal Enfield,Himalayan,2015,182839
94239551,Car,Tesla,Model Y,2012,82364
38192502,Car,Tesla,Model S,2022,154649
76376795,Car,Kia,Forte,2015,202638
67261110,Motorbike,Royal Enfield,Classic,2015,33838
48105555,Motorbike,Royal Enfield,Himalayan,2020,123232
52759953,Motorbike,Royal Enfield,Himalayan,2010,247987
19384819,Car,Skoda,Superb,2022,60678
73642493,Motorbike,Royal Enfield,Classic,2012,185843
26514884,Motorbike,Yamaha,SZ-X,2021,141134
90006412,Motorbike,Royal Enfield,Classic,2013,106130
30694235,Car,Skoda,Superb,2010,128974
63199318,Car,Toyota,Yaris,2019,91946
11737742,Motorbike,Yamaha,FZ,2015,67363
30383604,Motorbike,Royal Enfield,Himalayan,2019,148444
89724409,Motorbike,Yamaha,SZ-X,2018,154041
62171241,Car,Skoda,Superb,2012,54697
43112114,Car,Kia,Sportage,2018,109606
25715573,Motorbike,Royal Enfield,Himalayan,2012,34842
65580878,Car,Skoda,Superb,2010,126769
70753503,Motorbike,Yamaha,SZ-X,2013,230926
40492244,Motorbike,Yamaha,FZ,2012,213788
47911156,Motorbike,Yamaha,VMAX,2014,212579
64985459,Car,Skoda,Octavia,2012,183609
22447460,Motorbike,Yamaha,FZ,2019,166589
12936800,Car,Skoda,Octavia,2014,61167
79151086,Motorbike,Royal Enfield,Classic,2016,203346
25024570,Car,Skoda,Octavia,2022,10421
50783924,Motorbike,Royal Enfield,Bullet,2011,35271
39638251,Motorbike,Yamaha,VMAX,2016,44084
21502635,Motorbike,Yamaha,SZ-X,2011,238476
53123707,Motorbike,Yamaha,SZ-X,2011,41118
89566810,Motorbike,Royal Enfield,Classic,2022,27902
12989926,Motorbike,Royal Enfield,Bullet,2018,47037
58916377,Car,Kia,Sportage,2016,135983
53026968,Car,Toyota,Corolla,2015,130754
88575222,Motorbike,Yamaha,FZ,2012,56286
41488718,Motorbike,Royal Enfield,Classic,2021,119395
77458666,Motorbike,Yamaha,SZ-X,2016,170089
67369969,Motorbike,Royal Enfield,Himalayan,2018,165209
49488370,Motorbike,Yamaha,FZ,2018,224492
84360913,Car,Toyota,Corolla,2015,236248
71609185,Motorbike,Royal Enfield,Himalayan,2011,122745
13149318,Car,Toyota,Corolla,2015,137671
45888878,Car,Tesla,Model S,2018,118980
27104645,Motorbike,Royal Enfield,Himalayan,2014,201566
82008596,Motorbike,Royal Enfield,Himalayan,2015,176841
53409610,Car,Tesla,Model S,2014,54444
74315088,Motorbike,Royal Enfield,Bullet,2021,131876
94816895,Car,Skoda,Superb,2016,78384
25397622,Car,Kia,Rio,2019,58846
64437713,Car,Kia,Sportage,2022,90626
18328699,Car,Toyota,Yaris,2015,169556
84444098,Car,Toyota,Prius,2018,52799
96496863,Motorbike,Yamaha,VMAX,2019,210686
97159112,Car,Kia,Forte,2022,78797
85633257,Motorbike,Royal Enfield,Himalayan,2013,112849
71467843,Motorbike,Yamaha,VMAX,2021,177742
94152398,Car,Tesla,Model Y,2012,152146
87714609,Car,Tesla,Model Y,2014,249525
76090836,Motorbike,Yamaha,SZ-X,2019,53275
68276481,Motorbike,Royal Enfield,Himalayan,2017,181863
43457273,Car,Toyota,Corolla,2021,24055
45986104,Motorbike,Royal Enfield,Bullet,2020,204993
23703913,Car,Skoda,Superb,2016,77096
11470966,Motorbike,Yamaha,VMAX,2018,128642
74190004,Car,Skoda,Octavia,2012,239553
73801867,Motorbike,Yamaha,SZ-X,2015,92423
49157579,Car,Toyota,Corolla,2013,15605
79170024,Motorbike,Yamaha,SZ-X,2022,88935
64039804,Car,Tesla,Model 3,2016,247447
33023353,Motorbike,Royal Enfield,Classic,2017,15860
92082994,Motorbike,Royal Enfield,Classic,2022,93813
17269702,Motorbike,Yamaha,SZ-X,2015,59959
11878464,Car,Skoda,Octavia,2016,159080
69425524,Car,Skoda,Superb,2017,219094
35794295,Motorbike,Royal Enfield,Bullet,2018,248171
38213358,Motorbike,Royal Enfield,Himalayan,2012,171908
54145391,Car,Skoda,Superb,2015,57186
15696283,Motorbike,Royal Enfield,Classic,2013,208201
20841132,Car,Kia,Forte,2017,77611
57500463,Car,Skoda,Superb,2010,73642
69634888,Car,Kia,Sportage,2020,151549
29219107,Motorbike,Yamaha,SZ-X,2017,153593
20542283,Car,Toyota,Corolla,2021,143567
14367998,Car,Toyota,Prius,2022,182178
97844381,Car,Skoda,Superb,2014,176526
14939920,Car,Toyota,Prius,2016,99816
58968962,Car,Toyota,Prius,2015,10820
75558749,Car,Tesla,Model 3,2013,189874
54976631,Car,Toyota,Corolla,2022,77962
95797815,Car,Skoda,Superb,2017,222401
80799858,Motorbike,Royal Enfield,Bullet,2020,71492
77216738,Car,Skoda,Superb,2017,106419
11407402,Car,Kia,Forte,2014,98997
62414874,Motorbike,Yamaha,SZ-X,2020,158735
16142266,Motorbike,Yamaha,VMAX,2012,84698
24640979,Car,Skoda,Octavia,2015,126577
70041766,Motorbike,Royal Enfield,Himalayan,2020,57431
81229560,Car,Toyota,Prius,2021,197110
12617379,Car,Tesla,Model 3,2014,189790
25021705,Car,Skoda,Superb,2016,203805
78608134,Motorbike,Yamaha,FZ,2016,91606
64076125,Motorbike,Royal Enfield,Bullet,2015,179593
53990649,Motorbike,Yamaha,VMAX,2013,224204
58330551,Car,Toyota,Prius,2020,66364
42165654,Motorbike,Royal Enfield,Himalayan,2022,175939
55141823,Motorbike,Royal Enfield,Himalayan,2011,184520
92103665,Car,Tesla,Model 3,2019,212064
78603624,Motorbike,Yamaha,SZ-X,2010,78797
38398851,Motorbike,Yamaha,FZ,2013,114902
25293493,Car,Skoda,Octavia,2020,84523
30990035,Motorbike,Yamaha,FZ,2010,228857
96192048,Car,Toyota,Prius,2014,221810
58654979,Motorbike,Royal Enfield,Himalayan,2010,77157
81477386,Car,Tesla,Model 3,2011,198879
26060145,Car,Skoda,Octavia,2015,57093
95677086,Motorbike,Royal Enfield,Himalayan,2016,168000
67791187,Motorbike,Royal Enfield,Classic,2010,43545
10681539,Car,Kia,Forte,2014,199311
88863818,Motorbike,Yamaha,FZ,2017,81636
72752448,Motorbike,Yamaha,VMAX,2011,213095
49546729,Motorbike,Royal Enfield,Classic,2016,146193
68291359,Motorbike,Royal Enfield,Himalayan,2011,71593
75435619,Car,Tesla,Model Y,2018,39758
49539924,Car,Tesla,Model 3,2016,34984
89121531,Motorbike,Royal Enfield,Himalayan,2013,154723
47544679,Motorbike,Yamaha,VMAX,2017,99858
53997856,Motorbike,Yamaha,SZ-X,2015,156933
46017528,Car,Kia,Rio,2021,101626
30171495,Motorbike,Yamaha,VMAX,2021,135737
83698085,Motorbike,Royal Enfield,Bullet,2013,54921
96681190,Motorbike,Yamaha,FZ,2022,206702
36972860,Motorbike,Yamaha,VMAX,2010,25963
60855593,Motorbike,Yamaha,SZ-X,2018,78280
21470786,Car,Toyota,Prius,2011,216679
94959149,Motorbike,Yamaha,VMAX,2015,124775
49786997,Car,Skoda,Superb,2020,234963
68804850,Car,Skoda,Superb,2016,229312
59711788,Motorbike,Royal Enfield,Himalayan,2010,48736
80693207,Motorbike,Royal Enfield,Bullet,2010,208760
11196261,Car,Skoda,Superb,2012,208538
15540718,Motorbike,Yamaha,SZ-X,2014,222942
51739710,Motorbike,Royal Enfield,Bullet,2010,166977
56987543,Car,Skoda,Superb,2019,47066
34090618,Car,Skoda,Octavia,2019,21931
28876712,Car,Skoda,Superb,2011,160166
46397516,Car,Kia,Picanto,2013,76900
16551756,Motorbike,Royal Enfield,Bullet,2020,145167
92808903,Car,Tesla,Model Y,2015,213266
13290583,Car,Tesla,Model S,2011,236997
66212249,Car,Skoda,Octavia,2019,99578
43141758,Motorbike,Yamaha,VMAX,2015,80814
85175156,Motorbike,Yamaha,FZ,2018,139690
10463934,Motorbike,Royal Enfield,Himalayan,2019,111608
34336366,Car,Skoda,Superb,2020,86428
56035333,Motorbike,Royal Enfield,Himalayan,2012,236837
74308145,Car,Kia,Sportage,2015,37834
61374949,Car,Toyota,Yaris,2012,184968
41456950,Car,Tesla,Model S,2021,192547
77622525,Car,Tesla,Model S,2015,209775
94589104,Car,Skoda,Superb,2021,125836
15830648,Car,Skoda,Octavia,2015,238750
65839990,Car,Toyota,Yaris,2010,35404
66940439,Car,Toyota,Prius,2016,53203
32405945,Motorbike,Royal Enfield,Classic,2021,215966
85225022,Car,Kia,Picanto,2016,43351
20748939,Car,Toyota,Yaris,2015,107419
91057930,Car,Tesla,Model S,2014,148589
57678496,Car,Tesla,Model Y,2015,150439
71383248,Car,Kia,Picanto,2021,10400
33558148,Motorbike,Royal Enfield,Bullet,2016,214026
13983910,Car,Tesla,Model S,2015,16968
96942718,Car,Kia,Rio,2019,150733
82437833,Motorbike,Royal Enfield,Classic,2016,185241
76467839,Car,Tesla,Model S,2017,235676
87430321,Car,Tesla,Model 3,2019,164374
41400290,Motorbike,Yamaha,VMAX,2021,86727
89177027,Motorbike,Yamaha,FZ,2016,236797
56611789,Motorbike,Royal Enfield,Classic,2022,87890
88478968,Motorbike,Yamaha,SZ-X,2016,104093
93783716,Motorbike,Yamaha,VMAX,2014,248435
77145039,Motorbike,Yamaha,VMAX,2020,223834
74168775,Car,Toyota,Prius,2021,133414
38368571,Car,Tesla,Model 3,2016,107733
58236491,Motorbike,Yamaha,VMAX,2012,232237
42951143,Car,Toyota,Prius,2019,102446
63928781,Car,Toyota,Corolla,2021,122764
91050619,Car,Toyota,Corolla,2017,61497
26744955,Motorbike,Yamaha,VMAX,2017,150742
11093963,Motorbike,Yamaha,VMAX,2011,123214
32403170,Car,Skoda,Superb,2019,113055
48576463,Car,Skoda,Superb,2011,168588
95597413,Car,Tesla,Model 3,2010,198895
89364104,Motorbike,Royal Enfield,Himalayan,2016,32590
89917778,Motorbike,Yamaha,FZ,2016,216999
59588064,Car,Toyota,Yaris,2010,32659
22557163,Motorbike,Yamaha,VMAX,2022,73658
34241890,Motorbike,Royal Enfield,Classic,2014,246824
96698228,Car,Skoda,Superb,2015,108248
74957910,Motorbike,Yamaha,FZ,2018,21620
57590203,Car,Tesla,Model 3,2022,179193
11228803,Motorbike,Royal Enfield,Bullet,2020,78192
37724699,Car,Kia,Rio,2020,221956
84800512,Car,Toyota,Prius,2014,94770
18618592,Motorbike,Royal Enfield,Himalayan,2012,218435
26933651,Motorbike,Royal Enfield,Himalayan,2022,133056
19944873,Car,Tesla,Model S,2010,47094
35369704,Car,Tesla,Model 3,2017,121853
69641132,Car,Kia,Forte,2011,99641
43417788,Motorbike,Royal Enfield,Himalayan,2010,137751
48184526,Car,Toyota,Prius,2022,132825
74580237,Motorbike,Royal Enfield,Bullet,2019,160476
56790933,Motorbike,Yamaha,FZ,2010,127346
29016635,Motorbike,Yamaha,VMAX,2010,158125
99943105,Motorbike,Royal Enfield,Classic,2020,193934
87303233,Motorbike,Royal Enfield,Bullet,2019,210833
39761645,Motorbike,Yamaha,FZ,2022,132502
14941844,Motorbike,Royal Enfield,Bullet,2021,232437
53541397,Car,Skoda,Superb,2011,35608
67749458,Car,Skoda,Superb,2013,56957
33017456,Motorbike,Royal Enfield,Himalayan,2012,51559
18729136,Car,Kia,Picanto,2011,219501
58979409,Motorbike,Royal Enfield,Bullet,2016,180872
82364899,Car,Skoda,Superb,2022,179564
46900514,Motorbike,Yamaha,VMAX,2012,39537
38613726,Motorbike,Yamaha,FZ,2018,86415
98353378,Car,Tesla,Model Y,2016,129741
10388873,Car,Toyota,Prius,2017,71025
25419460,Car,Kia,Picanto,2011,182014
89002100,Motorbike,Royal Enfield,Himalayan,2017,17275
47363893,Motorbike,Royal Enfield,Himalayan,2015,77581
19473720,Motorbike,Royal Enfield,Himalayan,2016,15080
84963234,Motorbike,Royal Enfield,Classic,2019,34843
28009122,Car,Tesla,Model Y,2018,186853
29106155,Motorbike,Royal Enfield,Classic,2017,111442
56587824,Car,Toyota,Corolla,2016,131536
59473521,Car,Toyota,Prius,2011,232066
80806834,Car,Kia,Rio,2012,183776
38558482,Car,Tesla,Model 3,2022,30439
40885141,Car,Toyota,Corolla,2013,85659
62786505,Car,Skoda,Superb,2015,85413
19172902,Car,Skoda,Superb,2019,110772
31456297,Motorbike,Royal Enfield,Himalayan,2022,77208
32336301,Car,Skoda,Octavia,2017,189764
87495115,Car,Skoda,Octavia,2014,69980
74714625,Car,Toyota,Prius,2011,84858
72801147,Motorbike,Yamaha,VMAX,2016,189989
27465641,Motorbike,Royal Enfield,Bullet,2013,69000
49829333,Car,Kia,Sportage,2019,162159
51350273,Motorbike,Royal Enfield,Himalayan,2010,165421
43026617,Motorbike,Yamaha,FZ,2017,104642
88293163,Motorbike,Yamaha,VMAX,2021,164101
89024641,Car,Toyota,Prius,2016,201378
20991595,Car,Toyota,Yaris,2015,196774
19775341,Car,Toyota,Yaris,2015,134719
92258404,Motorbike,Yamaha,VMAX,2015,78237
58517034,Motorbike,Royal Enfield,Bullet,2010,128114
70526795,Motorbike,Royal Enfield,Classic,2021,192170
33845883,Motorbike,Royal Enfield,Classic,2015,215779
50821501,Motorbike,Royal Enfield,Classic,2012,121759
73030231,Car,Toyota,Corolla,2019,97973
92476653,Car,Skoda,Superb,2016,183366
96233691,Motorbike,Royal Enfield,Classic,2021,177412
47741417,Motorbike,Royal Enfield,Classic,2012,200854
99488482,Car,Kia,Sportage,2011,127036
45806619,Motorbike,Yamaha,SZ-X,2018,222344
79232940,Car,Tesla,Model Y,2011,46232
88346761,Car,Tesla,Model 3,2021,168770
10035123,Car,Toyota,Corolla,2022,149278
29334345,Motorbike,Yamaha,FZ,2017,119923
84553995,Car,Skoda,Superb,2022,33051
90476186,Motorbike,Yamaha,FZ,2015,194781
21051308,Motorbike,Royal Enfield,Classic,2015,225077
95724909,Car,Toyota,Prius,2017,226299
29305797,Motorbike,Royal Enfield,Classic,2015,171369
48164609,Car,Tesla,Model S,2018,34050
76507603,Motorbike,Royal Enfield,Classic,2013,118830
87681883,Car,Toyota,Yaris,2021,191283
64320679,Motorbike,Royal Enfield,Bullet,2015,224167
40148568,Motorbike,Royal Enfield,Classic,2016,158569
53046365,Car,Tesla,Model Y,2022,220157
78322494,Motorbike,Yamaha,VMAX,2019,215559
42649478,Car,Kia,Forte,2021,212634
67300803,Motorbike,Royal Enfield,Bullet,2018,239229
45291680,Car,Kia,Picanto,2011,16240
62539682,Motorbike,Yamaha,VMAX,2014,188549
24904143,Motorbike,Yamaha,SZ-X,2013,70963
41052404,Car,Toyota,Yaris,2011,225992
78514929,Car,Toyota,Prius,2017,125021
35990589,Motorbike,Yamaha,VMAX,2018,120151
28648165,Car,Tesla,Model 3,2019,189211
43947844,Motorbike,Royal Enfield,Himalayan,2013,224944
36334857,Motorbike,Royal Enfield,Himalayan,2013,159847
69354476,Motorbike,Royal Enfield,Himalayan,2019,63030
26775303,Car,Toyota,Yaris,2015,101680
14432926,Car,Toyota,Yaris,2012,227212
77263703,Motorbike,Royal Enfield,Himalayan,2010,80162
60921725,Motorbike,Royal Enfield,Classic,2013,20725
77244649,Car,Tesla,Model 3,2018,128542
29579261,Motorbike,Royal Enfield,Classic,2018,34036
10548331,Car,Toyota,Corolla,2021,193916
80584207,Car,Kia,Picanto,2021,198942
47802578,Car,Tesla,Model Y,2014,38062
82494370,Car,Toyota,Corolla,2022,156138
49758609,Motorbike,Royal Enfield,Himalayan,2014,71604
35545227,Motorbike,Royal Enfield,Himalayan,2010,15701
57076495,Car,Kia,Sportage,2010,123881
56869736,Car,Tesla,Model S,2014,49257
46104297,Motorbike,Royal Enfield,Classic,2016,215939
25654641,Motorbike,Yamaha,FZ,2016,235625
96090829,Motorbike,Yamaha,FZ,2018,112875
89889364,Car,Skoda,Superb,2010,104499
42715285,Motorbike,Yamaha,SZ-X,2016,231373
26826775,Car,Toyota,Corolla,2016,225543
80991067,Car,Skoda,Octavia,2021,141417
73854736,Motorbike,Royal Enfield,Classic,2018,131573
10994470,Car,Kia,Rio,2020,176899
50356278,Car,Tesla,Model 3,2013,143690
47873056,Motorbike,Yamaha,FZ,2011,51817
63962591,Car,Skoda,Octavia,2013,217860
73630537,Car,Skoda,Superb,2020,149132
11289223,Car,Toyota,Yaris,2017,114136
39785085,Motorbike,Yamaha,SZ-X,2010,148381
88048418,Motorbike,Yamaha,FZ,2022,213057
30486874,Motorbike,Royal Enfield,Classic,2011,142066
60692004,Motorbike,Yamaha,FZ,2020,126003
21988576,Motorbike,Yamaha,VMAX,2010,206717
49974316,Motorbike,Yamaha,FZ,2018,28094
15162196,Car,Tesla,Model 3,2010,188029
75605232,Car,Tesla,Model S,2021,120238
64208545,Car,Toyota,Prius,2015,224445
58931983,Motorbike,Royal Enfield,Classic,2013,124267
52670396,Motorbike,Yamaha,VMAX,2011,96716
95608529,Car,Skoda,Superb,2019,85066
89632823,Motorbike,Yamaha,FZ,2015,168784
40557704,Car,Kia,Sportage,2021,22841
65783304,Car,Tesla,Model 3,2011,126516
33440448,Motorbike,Yamaha,FZ,2020,230148
62585736,Car,Skoda,Octavia,2016,155779
46596223,Motorbike,Royal Enfield,Classic,2017,54700
85429596,Car,Tesla,Model S,2010,65556
37468419,Motorbike,Royal Enfield,Bullet,2011,108812
56075116,Car,Kia,Picanto,2013,100685
13026875,Car,Kia,Sportage,2019,85125
97842228,Motorbike,Yamaha,FZ,2013,152924
72642414,Car,Kia,Forte,2020,218515
79774091,Motorbike,Yamaha,FZ,2011,94790
86318295,Motorbike,Royal Enfield,Bullet,2010,18521
85934923,Motorbike,Royal Enfield,Classic,2021,200518
35676044,Car,Toyota,Yaris,2017,164757
43186969,Motorbike,Royal Enfield,Classic,2013,57161
35222001,Motorbike,Royal Enfield,Classic,2016,126943
13279846,Car,Tesla,Model S,2020,157428
33025310,Car,Skoda,Octavia,2021,147491
96258107,Motorbike,Royal Enfield,Bullet,2016,130391
20988799,Car,Kia,Forte,2019,119542
93045459,Car,Skoda,Octavia,2018,187768
61684835,Motorbike,Yamaha,VMAX,2022,52628
48590432,Motorbike,Royal Enfield,Himalayan,2012,36397
18777997,Car,Tesla,Model S,2022,17654
89073898,Motorbike,Yamaha,FZ,2014,64838
16533374,Motorbike,Yamaha,SZ-X,2016,105267
73182021,Car,Toyota,Yaris,2018,30334
62863645,Car,Tesla,Model 3,2014,97286
12413451,Car,Kia,Forte,2011,218799
61913028,Car,Tesla,Model S,2019,180647
44492610,Car,Kia,Picanto,2012,231542
66089833,Motorbike,Yamaha,VMAX,2016,14885
29279577,Motorbike,Royal Enfield,Himalayan,2011,88320
41406083,Car,Kia,Sportage,2013,215127
82663955,Car,Tesla,Model 3,2012,218260
63070579,Motorbike,Yamaha,VMAX,2017,241561
37451341,Car,Toyota,Yaris,2014,12445
90818212,Car,Skoda,Superb,2015,240923
58618644,Car,Kia,Rio,2022,14171
49615174,Car,Tesla,Model Y,2019,18744
41640834,Motorbike,Yamaha,FZ,2016,193103
78891363,Car,Tesla,Model 3,2012,17866
26943094,Motorbike,Yamaha,SZ-X,2022,151717
49155727,Motorbike,Yamaha,SZ-X,2014,78846
67260482,Car,Toyota,Yaris,2018,45276
66243259,Motorbike,Yamaha,SZ-X,2015,199062
53147564,Car,Toyota,Corolla,2017,141681
63418917,Car,Skoda,Superb,2018,27212
92174104,Car,Kia,Rio,2020,234254
84934057,Motorbike,Royal Enfield,Bullet,2012,26699
72998262,Car,Tesla,Model Y,2010,62267
72027339,Car,Skoda,Superb,2015,244277
96660827,Motorbike,Royal Enfield,Classic,2010,133884
13009350,Car,Skoda,Octavia,2017,50363
46056393,Motorbike,Royal Enfield,Classic,2018,66604
21730735,Motorbike,Royal Enfield,Classic,2011,159115
96520450,Car,Tesla,Model S,2020,184654
11323371,Motorbike,Royal Enfield,Himalayan,2011,159849
85397937,Car,Toyota,Yaris,2011,126323
91390745,Car,Toyota,Prius,2013,232886
63738062,Car,Tesla,Model S,2017,27720
67281451,Car,Kia,Forte,2017,195232
24039143,Motorbike,Yamaha,VMAX,2022,145732
38108676,Car,Kia,Rio,2012,125687
16400952,Car,Skoda,Octavia,2017,56481
58649029,Car,Tesla,Model S,2015,233348
41373370,Car,Tesla,Model 3,2021,157380
57219451,Motorbike,Yamaha,FZ,2020,16369
45646589,Motorbike,Yamaha,FZ,2015,152087
43098424,Car,Kia,Rio,2022,87408
45750558,Car,Tesla,Model S,2015,26286
60809786,Motorbike,Yamaha,SZ-X,2019,54591
69121963,Motorbike,Royal Enfield,Classic,2016,158385
23341388,Motorbike,Royal Enfield,Bullet,2018,163267
95338015,Car,Tesla,Model 3,2022,55020
57712312,Motorbike,Royal Enfield,Classic,2011,240959
82888612,Car,Skoda,Octavia,2019,29526
47340199,Car,Toyota,Corolla,2019,198708
55260048,Motorbike,Royal Enfield,Bullet,2021,184043
61301425,Motorbike,Yamaha,VMAX,2020,186634
60266561,Motorbike,Royal Enfield,Bullet,2016,206557
39302119,Car,Skoda,Superb,2016,185535
63821909,Motorbike,Yamaha,FZ,2014,180807
32307157,Motorbike,Yamaha,FZ,2018,152288
37922568,Car,Tesla,Model Y,2018,223062
82192654,Car,Kia,Sportage,2015,226464
48920154,Motorbike,Yamaha,SZ-X,2022,179316
83749868,Car,Tesla,Model 3,2020,160482
49269383,Car,Toyota,Corolla,2010,35238
18564994,Motorbike,Yamaha,VMAX,2021,39054
43794683,Car,Toyota,Yaris,2014,137855
20617079,Car,Toyota,Prius,2022,179810
14602797,Car,Skoda,Superb,2010,228452
67050966,Motorbike,Royal Enfield,Himalayan,2012,161383
80738013,Motorbike,Royal Enfield,Classic,2022,193027
20428239,Car,Tesla,Model Y,2017,89161
84832755,Car,Kia,Rio,2019,68411
42922896,Car,Kia,Sportage,2020,65160
94900053,Motorbike,Royal Enfield,Classic,2021,231837
88703008,Motorbike,Yamaha,FZ,2012,230907
79997626,Car,Kia,Picanto,2020,240241
54354082,Motorbike,Yamaha,FZ,2014,52391
73689142,Motorbike,Royal Enfield,Classic,2010,201538
90383253,Motorbike,Yamaha,SZ-X,2019,61225
14194590,Motorbike,Yamaha,FZ,2022,188358
97501274,Car,Tesla,Model S,2011,220846
29221895,Car,Tesla,Model 3,2016,27570
33873550,Car,Tesla,Model S,2018,127547
87061044,Car,Kia,Sportage,2018,92538
64399865,Motorbike,Royal Enfield,Himalayan,2022,87480
49429678,Car,Skoda,Superb,2022,132180
71469575,Car,Toyota,Corolla,2019,161426
22435338,Motorbike,Royal Enfield,Bullet,2018,138257
76255051,Car,Toyota,Corolla,2022,152837
58986818,Car,Toyota,Corolla,2011,157231
38572638,Car,Kia,Forte,2010,98064
37939446,Motorbike,Royal Enfield,Classic,2013,141132
15411037,Car,Toyota,Yaris,2014,220801
99587914,Car,Toyota,Prius,2013,139736
49310278,Motorbike,Royal Enfield,Classic,2010,194866
24991691,Motorbike,Yamaha,FZ,2022,105503
99337167,Motorbike,Yamaha,VMAX,2020,205513
54972860,Car,Toyota,Prius,2016,65698
60928507,Motorbike,Yamaha,FZ,2012,73901
84748545,Motorbike,Yamaha,SZ-X,2022,22182
21641097,Car,Skoda,Octavia,2014,234765
64274019,Motorbike,Yamaha,FZ,2014,145241
19549968,Car,Kia,Rio,2011,245715
88289912,Car,Skoda,Octavia,2013,167608
81571733,Motorbike,Royal Enfield,Classic,2010,50290
25742956,Motorbike,Royal Enfield,Classic,2018,63989
21570477,Motorbike,Royal Enfield,Classic,2014,19729
50993803,Car,Tesla,Model Y,2017,193598
90139451,Motorbike,Yamaha,SZ-X,2018,225828
76841326,Car,Skoda,Superb,2017,240942
15636334,Car,Toyota,Corolla,2014,37232
41862288,Car,Skoda,Superb,2021,45007
71175351,Motorbike,Yamaha,SZ-X,2022,135963
41882464,Motorbike,Royal Enfield,Classic,2017,70635
57398399,Car,Toyota,Yaris,2018,103219
49311340,Motorbike,Yamaha,FZ,2022,56247
45161318,Motorbike,Yamaha,SZ-X,2016,207886
63801938,Car,Skoda,Octavia,2020,110950
91786192,Motorbike,Royal Enfield,Classic,2012,119833
64919668,Car,Tesla,Model 3,2018,162695
47484279,Motorbike,Royal Enfield,Himalayan,2021,241482
33411322,Motorbike,Royal Enfield,Bullet,2013,90269
17531240,Motorbike,Royal Enfield,Classic,2020,139550
21113140,Motorbike,Yamaha,VMAX,2016,67814
24656216,Car,Tesla,Model 3,2010,110444
26532019,Motorbike,Yamaha,FZ,2020,77174
77922488,Motorbike,Royal Enfield,Classic,2015,82479
17424998,Car,Toyota,Corolla,2011,135427
80615302,Motorbike,Royal Enfield,Classic,2020,94800
69381657,Motorbike,Royal Enfield,Classic,2010,110121
39415143,Car,Tesla,Model 3,2011,80271
41280316,Car,Kia,Picanto,2022,199459
92831653,Car,Tesla,Model Y,2021,106246
70282514,Car,Tesla,Model Y,2018,183017
63872545,Motorbike,Royal Enfield,Classic,2022,96770
61088615,Motorbike,Royal Enfield,Himalayan,2012,231863
93441392,Car,Toyota,Corolla,2015,130646
24930451,Car,Toyota,Yaris,2011,198363
10712506,Car,Skoda,Octavia,2011,156450
54733883,Car,Skoda,Superb,2013,64088
70096966,Car,Kia,Rio,2015,44225
86111573,Motorbike,Royal Enfield,Bullet,2010,25542
76130192,Car,Toyota,Prius,2015,34352
22413110,Motorbike,Yamaha,SZ-X,2011,116531
87678637,Car,Skoda,Superb,2022,206199
30643740,Car,Tesla,Model 3,2013,87637
20447769,Motorbike,Yamaha,SZ-X,2016,21574
49127127,Car,Skoda,Octavia,2018,153831
65224453,Car,Toyota,Prius,2020,244115
22221583,Car,Kia,Rio,2013,65015
24781171,Motorbike,Royal Enfield,Himalayan,2016,159270
33111471,Car,Kia,Forte,2018,114645
59976822,Car,Toyota,Corolla,2013,26378
21720618,Car,Skoda,Octavia,2021,25897
18988558,Car,Skoda,Superb,2012,147541
91594244,Car,Tesla,Model 3,2010,210235
20524492,Car,Skoda,Octavia,2020,178431
55311992,Car,Tesla,Model 3,2020,169190
71826728,Car,Skoda,Octavia,2022,124778
76723099,Motorbike,Yamaha,SZ-X,2012,157924
64662671,Motorbike,Yamaha,VMAX,2012,229126
94319875,Car,Skoda,Superb,2016,222680
21984344,Car,Toyota,Yaris,2017,202518
26490183,Car,Tesla,Model 3,2013,21675
26572615,Car,Skoda,Superb,2010,58549
58282180,Car,Tesla,Model S,2016,103593
57308809,Motorbike,Yamaha,SZ-X,2018,58712
46720405,Motorbike,Royal Enfield,Classic,2015,151709
82110334,Motorbike,Royal Enfield,Himalayan,2019,15669
79642379,Car,Kia,Picanto,2016,25051
39472085,Car,Kia,Forte,2015,69037
97217525,Motorbike,Royal Enfield,Himalayan,2014,35963
98190390,Car,Skoda,Octavia,2018,101772
29952734,Motorbike,Royal Enfield,Himalayan,2014,127043
74538386,Car,Tesla,Model S,2013,235957
30857334,Car,Toyota,Corolla,2022,141742
23982677,Motorbike,Yamaha,FZ,2017,61078
64321185,Car,Skoda,Superb,2022,166129
93669028,Motorbike,Yamaha,SZ-X,2021,124337
32975837,Car,Skoda,Superb,2011,38534
70204079,Motorbike,Royal Enfield,Bullet,2014,107008
54011650,Motorbike,Yamaha,SZ-X,2014,56007
